f1,f2,f3,f4,f5,f6,f7,f8,f9,f10,f11,f12,f13,f14,f15,f16,f17,f18,f19,f20,f21,f22,f23,f24
314886,716300,512145,2720.91,13295.2,3.48624,106.827,2463.01,3,109,28,401,9329.37,152.868,152.868,161.429,0.3625,22.5882,0.197802,0.614838,0.204653,0.701708,0.852587,0.860526
362327,701838,568338,2821.17,13772.8,3.1194,107.313,1963.5,3,134,23,518,12308,154.77,154.77,159.739,0.326733,18.9231,0.264151,0.637519,0.204837,0.893651,0.726163,0.961722
296556,592137,419961,2401.6,12134.2,3.36752,104.238,5541.77,5,117,33,401,9396.73,151.257,151.257,164.182,0.5,15.04,0.329545,0.706152,0.19792,0.7744,2.18639,1.48477
286772,529306,437619,2455.29,11490.3,3.48454,106,28352.9,13,97,24,385,8829.73,150.605,150.605,162.333,0.469697,12.75,0.293333,0.6553,0.213684,0.768451,9.59031,3.73077
302617,571769,431257,2472.83,14127,3.61345,104.643,4778.36,4,119,29,403,9228.18,150.481,150.481,164.414,0.4875,15.7917,0.265957,0.70171,0.175043,0.65323,1.87902,1.10698
304009,504654,399098,2327.83,10913.3,3.2766,108.682,3848.45,2,94,33,371,8852.14,154.275,154.275,164.758,0.46875,18.5263,0.27027,0.761739,0.213302,0.811132,1.18995,0.61039
223592,470470,321530,2140.86,8798.57,3.31765,108.274,12076.3,9,85,27,311,7488.69,151.27,151.27,165.185,0.416667,21.2143,0.268657,0.695399,0.243319,0.851126,4.59088,2.71277
407456,747630,577808,2786.23,18578.7,3.47191,106.173,1809.56,1,178,28,549,12714.1,148.169,148.169,162.071,0.412698,14.6857,0.280576,0.705177,0.149969,0.684334,0.790517,0.288026
395239,644122,504627,2620.26,15641.5,3.37255,111.766,2123.72,4,153,28,569,12523.8,137.137,137.137,161.25,0.485437,8.17742,0.342105,0.783229,0.16752,0.800677,0.822107,1.18605
372766,627328,506705,2598.49,15258.4,3.2349,107.231,804.248,3,149,35,528,12451.2,152.087,152.087,166.314,0.419048,15,0.366972,0.735667,0.170299,0.816019,0.321469,0.927386
412076,750696,590085,2864.33,17832.1,3.33333,110.19,2463.01,4,156,29,558,12867.3,150.799,150.799,165.448,0.344828,18.2414,0.238095,0.698333,0.160627,0.721577,0.932424,1.2
496561,785955,607458,2876.2,19073.7,3.54795,109.683,24884.6,8,146,34,361,11131.8,168.089,168.089,167.324,0.431373,59.1667,0.237288,0.81744,0.150794,0.583622,7.31662,2.25483
496061,713456,590510,2862.29,20191.2,3.53261,109.303,9160.88,6,184,40,551,13252.9,156.278,156.278,167.65,0.415385,18,0.251701,0.840055,0.141759,0.656369,3.39798,1.69846
426953,646050,535278,2772.48,18501.2,3.47826,113.915,9160.88,6,161,27,480,11287.5,155.765,155.765,163.667,0.387931,23,0.288,0.797629,0.149854,0.610096,3.45448,1.725
422496,701043,540966,2712.38,17434.9,3.19786,109.633,1520.53,3,187,36,614,14334.1,153.622,153.622,165.333,0.416667,16.5429,0.395522,0.781003,0.155572,0.822152,0.672999,0.938127
440603,743512,604408,2859.01,18262.5,3.28889,109.85,6082.12,4,180,31,635,14855.8,150.373,150.373,163.387,0.44,13.7674,0.304348,0.728983,0.156552,0.813461,2.48474,1.21622
339982,668035,520352,2655.77,15803.3,3.55396,106.459,6082.12,5,139,25,461,10955.8,152.289,152.289,164.92,0.376238,15.4643,0.311321,0.65337,0.168052,0.69326,2.48664,1.40688
303628,676378,538250,2796.41,13701.7,3.47619,102.949,9852.03,8,126,22,458,10798.9,152.063,152.063,160.273,0.448276,16.6154,0.26,0.564103,0.204092,0.788141,4.08841,2.30137
394536,834000,644484,3044.31,16471.5,3.63478,105.525,6361.73,7,115,25,342,9686.15,164.582,164.582,165.24,0.474359,47.8571,0.185567,0.612173,0.184823,0.588053,1.85433,1.92584
310401,718475,511627,2723.25,12523.8,3.36,110.958,4300.84,4,100,27,392,9404.64,153.194,153.194,165.148,0.351351,25.1333,0.176471,0.606695,0.217445,0.750939,1.38557,1.19048
320963,722370,513646,2727.83,14289.6,3.57377,107.889,1963.5,4,122,27,397,9476.04,151.232,151.232,165.556,0.452381,17.0455,0.22,0.624871,0.190895,0.66314,0.746337,1.11927
310401,718475,511627,2723.25,12523.8,3.36,110.958,4300.84,4,100,27,392,9404.64,153.194,153.194,165.148,0.351351,25.1333,0.176471,0.606695,0.217445,0.750939,1.38557,1.19048
363257,700040,567008,2815.09,14940.4,3.36765,107.637,1520.53,4,136,24,512,12181.9,156.611,156.611,162.167,0.402062,25.9474,0.236364,0.640655,0.188421,0.815368,0.569273,1.18777
295521,664216,454700,2515.84,12599.2,3.30357,109.725,5541.77,4,112,27,407,9695.65,149.221,149.221,166,0.417722,13.0345,0.244444,0.649925,0.199683,0.769546,2.10029,1.21081
285665,529230,437022,2454.52,12144.2,3.5,107.371,34636.1,13,96,25,382,8794.06,151.055,151.055,164.8,0.297297,16.3636,0.21519,0.653663,0.202114,0.724134,11.6397,3.71429
308141,569592,429909,2469.35,13738.8,3.53448,103.837,4536.46,6,116,28,298,9038.95,163.648,163.648,163,0.468354,32.1111,0.274725,0.716759,0.179735,0.657912,1.70775,1.69756
310698,505421,399137,2327.4,12998.8,3.54783,108.416,3848.45,1,115,30,371,8852.44,155.925,155.925,163.5,0.575342,25.5,0.277778,0.778424,0.179047,0.681017,1.42445,0.281863
235797,475920,324701,2148.14,9193.5,3.23913,106.646,14102.6,8,92,30,317,7518.87,150.637,150.637,165.067,0.243243,15.6842,0.243243,0.726196,0.233658,0.817847,5.50237,2.4698
403108,645894,505381,2621.53,17311.8,3.36364,108.971,1963.5,3,176,23,571,12483.7,140.522,140.522,160.913,0.419355,10.42,0.333333,0.797631,0.15143,0.721107,0.857277,0.891892
366503,627553,503498,2591.83,15161.5,3.32867,108.474,907.92,2,143,33,523,12412.3,153.937,153.937,164.03,0.401961,19.92,0.349057,0.727912,0.170948,0.818667,0.354247,0.60084
412621,752714,591866,2867.4,17064,3.25974,109.664,2463.01,4,154,30,547,12944,154.494,154.494,165.767,0.33913,20.0385,0.222222,0.697154,0.168038,0.758552,0.919253,1.22709
502274,789836,620362,2915.73,21525.1,3.6213,107.2,32685.1,15,169,32,462,11472.8,157.61,157.61,169.031,0.420168,29.8,0.224638,0.809646,0.135457,0.532994,10.9976,4.14216
491257,713210,590363,2862.78,18757,3.38922,112.168,38707.6,11,167,38,528,13208.1,157.697,157.697,166.421,0.380165,28.3333,0.265152,0.832128,0.152624,0.704169,13.1584,3.24558
424003,651945,536788,2779.36,17952.9,3.51316,110.592,8824.73,8,152,28,487,11311.8,153.398,153.398,160.857,0.407407,18.48,0.256198,0.789889,0.154814,0.63008,3.16356,2.27715
423507,705348,540176,2712.92,18115.8,3.22613,108.285,1661.9,3,199,38,610,14251.3,153.797,153.797,166.974,0.442029,19.3333,0.363014,0.784017,0.149755,0.786676,0.780905,0.929907
440591,743682,603810,2858.07,19360.3,3.33684,111.622,6361.73,6,190,28,639,14822.4,152.141,152.141,161.821,0.376812,19.6129,0.310345,0.729685,0.147626,0.765612,2.74342,1.79811
337724,670390,522166,2659.15,14388.3,3.37984,108.14,5281.02,4,129,23,471,10995.5,150.471,150.471,160.478,0.357895,12.4571,0.264706,0.646774,0.184814,0.764199,2.01718,1.18349
294925,677910,536452,2793.73,12645,3.44068,102.789,9503.32,5,118,25,445,10765.1,153.62,153.62,163.84,0.475,14.8929,0.296703,0.54977,0.220935,0.851328,3.80229,1.4532
397174,829917,643308,3046.45,17442.7,3.55,108.399,706.858,2,120,26,415,9826.6,155.328,155.328,165.115,0.333333,19.75,0.142857,0.617394,0.174655,0.563366,0.213566,0.56338
315562,719200,512234,2725.08,12903.5,3.51402,106.126,1809.56,3,107,27,395,9454.74,153.658,153.658,165.778,0.445946,27.2143,0.188889,0.616049,0.211189,0.732724,0.613581,0.853723
315562,719200,512234,2725.08,12903.5,3.51402,106.126,1809.56,3,107,27,395,9454.74,153.658,153.658,165.778,0.445946,27.2143,0.188889,0.616049,0.211189,0.732724,0.613581,0.853723
370884,699624,568124,2817.6,15720.7,3.36054,106.576,1809.56,3,147,25,519,12238.3,154.441,154.441,165.16,0.373832,22.5909,0.25641,0.652821,0.179229,0.778489,0.717219,0.892713
293733,588142,417684,2397.99,13401.6,3.5873,103.27,5281.02,7,126,28,413,9399.77,150.891,150.891,162.643,0.465116,15.52,0.272727,0.703242,0.178933,0.701391,2.26535,1.95133
282842,530688,438982,2456.15,12784.2,3.6,104.292,8824.73,7,100,25,384,8786.18,151.026,151.026,163.64,0.369863,19.2105,0.219512,0.644312,0.192124,0.68727,3.12002,1.94444
308066,571350,429340,2467.39,14388.9,3.59055,102.195,4536.46,7,127,31,404,9220.46,151.29,151.29,162.742,0.426966,16.5652,0.309278,0.717533,0.171479,0.640805,1.87015,1.94956
309296,506160,399472,2326.69,12756.9,3.40541,109.056,4071.5,1,111,30,364,8812.43,157.28,157.28,165.033,0.405063,35.4,0.233333,0.774262,0.182387,0.690799,1.46118,0.293651
229325,475798,322342,2142.34,9444.4,3.18605,109.053,9852.03,7,86,31,314,7480.11,153.054,153.054,164.516,0.283582,16.4444,0.211268,0.711435,0.226837,0.792015,3.69464,2.19708
398478,744744,577466,2784.84,14618.9,3.21986,107.562,1809.56,3,141,32,468,12518.3,156.509,156.509,168.688,0.41,25,0.368932,0.690045,0.190496,0.856307,0.640305,0.931718
396157,643552,505748,2621.7,15904.1,3.38961,109.068,1809.56,5,154,31,610,12620.7,138.952,138.952,162.903,0.439252,10.2963,0.4,0.783309,0.164844,0.793552,0.703438,1.4751
368366,625895,503774,2591.59,15965.5,3.31126,109.659,706.858,3,151,33,535,12375.6,152.421,152.421,164.515,0.438095,19.5769,0.268908,0.731212,0.162324,0.775147,0.289754,0.906
410763,751916,590426,2866.52,18191.2,3.36646,108.942,2642.08,3,161,29,547,12876.4,155.442,155.442,165.069,0.364407,18.5357,0.248062,0.695706,0.157577,0.707835,1.03557,0.891144
503595,793914,623276,2923.03,21271.3,3.71605,110.266,21642.4,8,162,33,468,11550.4,153.887,153.887,164.545,0.486239,17,0.236641,0.807981,0.137417,0.543006,6.96209,2.15282
493271,715164,590947,2864.73,19244.5,3.49153,108.465,39408.1,10,177,40,542,13144,156.601,156.601,168.025,0.45082,27.5263,0.246479,0.834712,0.14886,0.683004,14.1408,2.86408
422811,653568,537504,2778.84,16202.6,3.45185,110.048,9503.32,6,135,23,481,11301.4,154.233,154.233,161,0.467391,20.8636,0.31068,0.786619,0.171506,0.697503,3.03433,1.7382
419895,701395,541530,2713.75,17450.4,3.2381,109.411,1520.53,3,189,35,638,14281.4,151.473,151.473,167.257,0.453846,18.3333,0.359712,0.775387,0.155512,0.818397,0.68441,0.926471
435840,743682,604643,2857.09,17764.8,3.27473,109.261,6082.12,6,182,31,634,14838.8,151.391,151.391,163.161,0.410853,17.6471,0.338235,0.720821,0.160829,0.835295,2.5398,1.83221
338334,668610,520495,2654.92,14515.2,3.38462,104.389,8171.28,6,130,26,476,11000.7,150.67,150.67,164.5,0.326531,14.8667,0.226415,0.650024,0.182907,0.757876,3.1397,1.77273
300710,679027,540598,2798.76,12415.1,3.44348,104.498,16741.5,8,115,23,449,10712,152.274,152.274,158.913,0.474359,16.96,0.263736,0.556254,0.225432,0.862823,6.40243,2.32323
393220,832500,643276,3046.61,17437.9,3.54839,107.563,615.752,2,124,25,416,9845.41,157.312,157.312,164.52,0.291667,25,0.148148,0.611277,0.174713,0.5646,0.194175,0.563636
320963,722370,513646,2727.83,14289.6,3.57377,107.889,1963.5,4,122,27,397,9476.04,151.232,151.232,165.556,0.452381,17.0455,0.22,0.624871,0.190895,0.66314,0.746337,1.11927
317662,795300,511774,2722.6,13994,3.48276,105.427,2290.22,3,116,28,405,9481.4,150.926,150.926,162.286,0.364706,17.4091,0.195876,0.620708,0.194554,0.677532,0.836314,0.861386
359996,871766,566640,2809.13,15228.6,3.3662,108.488,1963.5,4,142,24,531,12268.3,152.322,152.322,163.75,0.378641,14.1714,0.290909,0.635317,0.184465,0.805613,0.774498,1.18828
299483,634366,454236,2513.59,12626.6,3.41071,109.863,5281.02,6,112,22,400,9639.14,150.993,150.993,157.045,0.365854,16.3913,0.287356,0.659313,0.199072,0.763402,1.97498,1.75916
290662,663784,435970,2453.49,12720.9,3.51402,106.067,3421.19,3,107,23,386,8779.02,147.829,147.829,162.043,0.486111,16.5455,0.244186,0.666701,0.192871,0.690126,1.25943,0.853723
299833,633490,430296,2468.44,12405.7,3.51402,100.532,4778.36,5,107,31,393,9203.88,152.865,152.865,164.355,0.407895,14.72,0.320988,0.696807,0.198977,0.74191,1.70523,1.42287
305695,568347,397492,2325.74,11814,3.35922,102.967,3848.45,3,103,38,372,8840.61,155.382,155.382,167.289,0.391892,27.6154,0.2875,0.769059,0.196863,0.748316,1.29669,0.893064
237455,460161,324859,2150.46,10086.2,3.32609,109.407,13684.8,6,92,31,309,7392.71,150.848,150.848,164.452,0.415385,13.7143,0.210526,0.730948,0.213208,0.732951,5.30206,1.80392
400653,788184,581800,2796.18,16481.6,3.35032,110.486,2642.08,4,157,30,567,12840.7,149.907,149.907,165.2,0.414414,23.6522,0.377193,0.688643,0.169655,0.779098,1.03533,1.19392
397721,761645,504204,2618.52,16993.5,3.44654,109.051,3631.68,7,159,33,461,12299.7,150.03,150.03,164.667,0.432432,13.871,0.325,0.788809,0.154089,0.723785,1.45187,2.03102
372688,747360,503934,2591.02,15335.7,3.2973,110.118,1520.53,2,148,32,455,12311.3,158.76,158.76,168.719,0.396226,27.4375,0.321429,0.739558,0.168954,0.802786,0.603826,0.606557
413332,860046,592005,2865.93,17164.9,3.24183,109.625,2463.01,3,153,28,459,12715.6,160.013,160.013,162,0.353982,27.6875,0.233871,0.69819,0.166965,0.740792,0.911713,0.925403
500442,882871,618406,2912.69,21462.4,3.74843,111.519,38707.6,13,159,32,464,11515,159.114,159.114,168.594,0.514286,28,0.223077,0.809245,0.135712,0.536521,12.2981,3.46812
489090,944520,590558,2865.29,20377.2,3.53933,112.597,38707.6,13,178,38,568,13279.8,153.104,153.104,167.105,0.424,21.72,0.271429,0.828183,0.140612,0.6517,14.0873,3.67302
421841,863850,536724,2779.52,18609.8,3.54967,110.197,9160.88,8,151,27,487,11260.6,155.333,155.333,165.444,0.466019,22.1905,0.279661,0.785955,0.149357,0.605087,3.27918,2.25373
424005,792134,543818,2721.56,18011.5,3.29949,107.744,1385.44,2,197,39,609,14313.9,152.68,152.68,169.667,0.470149,13.8537,0.368056,0.779683,0.151101,0.794713,0.6437,0.606154
437674,1.06E+006,639312,3023.76,18070.2,3.2381,109.564,3631.68,5,189,24,640,15111.2,150.856,150.856,163.833,0.431818,12.913,0.3125,0.6846,0.167334,0.836249,1.56826,1.54412
333006,755080,518933,2651.82,14251.1,3.43077,104.868,5281.02,7,130,24,469,10901.1,151.902,151.902,163.5,0.444444,17.0385,0.287129,0.641713,0.186079,0.764933,2.06162,2.04036
301396,845988,539159,2798.66,13684.8,3.46774,104.094,10207,7,124,22,361,10647,159.13,159.13,160.409,0.47619,20.2353,0.319149,0.559011,0.204509,0.778015,4.19937,2.0186
402665,1.01E+006,644912,3046.01,18188.1,3.6378,108.973,18626.5,12,127,24,451,9968.58,148.931,148.931,163.583,0.380435,17.04,0.165138,0.624371,0.167472,0.548081,5.87478,3.2987
308640,797916,512134,2725.53,11738.4,3.32039,101.301,4071.5,3,103,27,402,9518.66,152.537,152.537,165.444,0.320513,25.8,0.170455,0.602654,0.232189,0.810897,1.35875,0.903509
308640,797916,512134,2725.53,11738.4,3.32039,101.301,4071.5,3,103,27,402,9518.66,152.537,152.537,165.444,0.320513,25.8,0.170455,0.602654,0.232189,0.810897,1.35875,0.903509
362324,870552,566322,2809.5,15484.9,3.41096,107.69,2642.08,6,146,22,523,12179.2,155.66,155.66,157.091,0.403846,20.7917,0.269565,0.639784,0.181435,0.786525,1.06464,1.75904
292064,636042,455646,2515.12,12262.8,3.37615,110.375,5541.77,5,109,24,415,9708.34,148.639,148.639,162.833,0.415584,14.9615,0.267442,0.640989,0.205102,0.791692,2.06822,1.48098
293370,667754,440512,2462.34,12686.5,3.41593,105.143,3848.45,3,113,22,378,8853.63,150.336,150.336,157.409,0.378049,17,0.228261,0.665976,0.194091,0.697876,1.48234,0.878238
299123,629408,429118,2465.82,12923.5,3.4955,104.906,4071.5,4,111,27,387,9229.7,153.491,153.491,166.074,0.48,18.35,0.290698,0.697065,0.190801,0.714178,1.51087,1.14433
302478,563901,396646,2319.42,11809.1,3.27451,108.069,4071.5,1,102,34,370,8842.01,155.808,155.808,167.647,0.307692,27.4615,0.2,0.76259,0.196409,0.748744,1.37297,0.305389
233749,459540,325893,2153.29,9303.71,3.28736,113.452,10207,7,87,29,310,7388.62,150.306,150.306,164.207,0.42623,14.5,0.208333,0.717256,0.231444,0.794159,3.799,2.12937
404112,780690,578177,2786.55,17384.9,3.30539,109.927,2123.72,1,167,31,556,12756.2,150.077,150.077,163.452,0.357724,14.027,0.284615,0.698942,0.160286,0.733752,0.877629,0.302536
403744,765184,505634,2621.13,16427.9,3.28916,106.674,1809.56,4,166,31,638,12651.8,139.254,139.254,163.774,0.45614,11.76,0.267176,0.79849,0.159553,0.770138,0.744003,1.21612
369636,749088,503226,2591.68,15677.1,3.20779,108.929,1134.11,3,154,35,547,12520,148.203,148.203,166.514,0.362832,10.6383,0.262295,0.734534,0.165316,0.798616,0.472502,0.935223
410888,859133,592396,2866.53,18457.5,3.37572,109.316,2827.43,4,173,31,558,12935.4,151.004,151.004,164.71,0.384,14.9429,0.235714,0.693604,0.155304,0.700818,1.19046,1.18493
507836,885610,623458,2923.18,22773.3,3.65517,109.937,24884.6,12,174,32,463,11538.8,158.983,158.983,168.969,0.359375,29.8667,0.183673,0.814549,0.12836,0.506681,8.5262,3.28302
495752,940725,590576,2863.39,20141.3,3.42373,112.413,39408.1,11,177,38,559,13203.9,155.202,155.202,167.368,0.382812,18.9643,0.204082,0.839439,0.142165,0.655563,14.07,3.21287
426165,863938,538384,2778.46,19453.5,3.60241,110.113,9852.03,7,166,27,480,11241.1,157.829,157.829,165.852,0.482143,24.2632,0.24812,0.791563,0.142826,0.577844,3.83757,1.94314
424061,791175,542684,2719.67,16933,3.18681,110.095,1256.64,4,182,40,616,14348.9,153.356,153.356,168.875,0.358209,14.7949,0.368421,0.781413,0.160614,0.847396,0.539329,1.25517
436376,1.05E+006,637327,3015.06,18155.3,3.26316,112.34,3848.45,6,190,27,630,15088.7,152.971,152.971,166.148,0.376812,16.027,0.357143,0.684697,0.166071,0.831088,1.67563,1.83871
337507,754236,518432,2652.24,14730.7,3.51515,105.443,7542.96,5,132,28,467,10963,152.805,152.805,162.607,0.466667,15.6786,0.32,0.651015,0.180049,0.744233,2.95007,1.42241
303021,848946,540700,2801.21,12827.6,3.49123,100.173,6082.12,7,114,26,446,10810.9,151.83,151.83,165.115,0.425,16.84,0.295455,0.560423,0.218374,0.842783,2.28817,2.00503
390312,1.01E+006,645953,3048.58,15266.7,3.42857,108.366,530.929,2,112,24,424,9845.24,154.899,154.899,161.792,0.287356,21.3158,0.142857,0.604242,0.199688,0.644883,0.15235,0.583333
311402,717025,511506,2721.83,12690.3,3.57009,104.04,1385.44,3,107,26,398,9429.78,151.897,151.897,165,0.426667,22.4118,0.229885,0.608794,0.214481,0.743069,0.476048,0.840314
307510,699936,567797,2820.4,12896.2,3.38983,106.417,1661.9,3,118,23,522,12261.3,154.709,154.709,161.304,0.340909,20.75,0.296703,0.541584,0.218701,0.950772,0.637718,0.885
293750,591120,418748,2398.79,12043.3,3.4386,102.435,5541.77,6,114,28,410,9456.2,147.51,147.51,162.143,0.407407,16.0833,0.280899,0.701496,0.199181,0.785184,2.15068,1.7449
284987,527085,437848,2452.73,12609.8,3.66355,104.519,11689.9,8,107,26,381,8742.4,152.045,152.045,165.962,0.445946,15.5652,0.244186,0.650879,0.19451,0.693304,4.38903,2.18367
300076,570888,431612,2472.18,12259.9,3.46667,105.27,4778.36,3,105,30,393,9134.64,154.265,154.265,165.9,0.438356,18.65,0.329114,0.695244,0.201649,0.745085,1.672,0.865385
308699,504654,398934,2327.59,13258.5,3.4188,109.36,3848.45,2,117,34,368,8846.99,156.22,156.22,167.206,0.409639,35.8,0.231579,0.773809,0.175554,0.667267,1.4586,0.585
234597,475734,324438,2148.39,9703.82,3.2,111.139,13684.8,6,85,27,268,7341.73,156.75,156.75,164.148,0.307692,25.8,0.214286,0.723087,0.221397,0.756582,4.95832,1.875
401609,751797,581525,2794.21,16080.3,3.34667,105.281,706.858,3,150,31,561,12893.7,150.485,150.485,162.968,0.428571,18.3448,0.339286,0.690613,0.173767,0.801832,0.26401,0.896414
401149,646303,505304,2620.42,16182.2,3.35404,110.332,1963.5,4,161,31,593,12554.7,138.691,138.691,163.452,0.477064,9.22414,0.330579,0.793877,0.161933,0.775837,0.788044,1.19259
365655,628992,503544,2589.66,14157.1,3.17391,110.731,1256.64,2,138,35,515,12432.9,149.501,149.501,165.629,0.339806,14.1471,0.277778,0.726163,0.182923,0.878205,0.474261,0.630137
410254,751705,590358,2864.53,16500.7,3.31507,108.363,2642.08,4,146,25,426,12513.1,161.962,161.962,164.8,0.377358,25.625,0.292035,0.694923,0.173601,0.758338,0.940257,1.20661
501708,790594,620549,2915.68,20671.7,3.67532,112.768,23235.2,8,154,32,464,11499.6,156.44,156.44,168.562,0.45283,24.7778,0.272727,0.80849,0.141047,0.556297,7.13209,2.17668
496001,716628,591142,2863.3,19611.2,3.43478,111.996,38707.6,8,184,38,553,13232.4,154.803,154.803,167.237,0.448819,20.2692,0.286713,0.839057,0.146004,0.67474,14.3592,2.32911
424821,648240,537304,2776.65,18412.6,3.50633,110.475,9160.88,9,158,26,487,11300.1,153.813,153.813,165.692,0.410714,24.6316,0.253968,0.790652,0.150802,0.613716,3.40713,2.56679
422813,703836,541051,2714.61,18062.2,3.22843,109.399,1520.53,1,197,38,623,14406.8,153.937,153.937,166,0.437956,17.3235,0.331081,0.781466,0.150293,0.797626,0.708457,0.309748
439046,741780,602323,2855.28,18336.8,3.26702,108.797,6647.61,6,191,28,649,14910.3,148.656,148.656,161.643,0.404412,16.5405,0.29932,0.728921,0.155713,0.813133,2.89194,1.83654
340971,668820,522736,2660.97,15080,3.47761,107.91,8171.28,6,134,25,473,11056.4,150.216,150.216,164.56,0.381443,15.3103,0.27619,0.652282,0.176458,0.733184,3.21127,1.72532
301111,677790,540922,2799.75,11938,3.45098,101.484,4071.5,4,102,24,460,10767.8,149.43,149.43,162.167,0.43662,14.3333,0.291139,0.556662,0.234525,0.901979,1.37921,1.15909
395767,833250,643040,3042.98,18257.5,3.69355,107.872,706.858,2,124,26,412,9842.89,153.735,153.735,164.538,0.493976,16.913,0.137615,0.615462,0.16667,0.539114,0.22147,0.541485
312516,716493,510366,2720.49,12649.3,3.27778,104.744,1385.44,2,108,24,404,9344.48,152.062,152.062,161.458,0.301205,18.2381,0.213483,0.612337,0.21507,0.738733,0.478785,0.610169
311216,716946,511036,2720.17,11830.8,3.4375,111.111,1963.5,2,96,24,401,9426.64,152.663,152.663,162.042,0.391304,19.05,0.263158,0.608991,0.229923,0.796788,0.605675,0.581818
312516,716493,510366,2720.49,12649.3,3.27778,104.744,1385.44,2,108,24,404,9344.48,152.062,152.062,161.458,0.301205,18.2381,0.213483,0.612337,0.21507,0.738733,0.478785,0.610169
360558,699094,565972,2810.96,14501.3,3.2782,106.418,1809.56,4,133,24,522,12151.3,155.285,155.285,162.333,0.371134,19.88,0.291262,0.63706,0.193842,0.837951,0.667497,1.22018
297817,593484,420074,2404.69,11863.2,3.24324,106.201,5281.02,5,111,28,407,9377.32,150.801,150.801,162.179,0.405063,17.5,0.290698,0.708964,0.202701,0.790453,1.9683,1.54167
294681,528828,438407,2457.1,13263,3.64912,104.209,4071.5,3,114,21,373,8802.26,152.397,152.397,155.762,0.540541,17.65,0.225806,0.672164,0.18526,0.663671,1.5751,0.822115
306075,569360,429138,2465.27,13694.3,3.66102,106.076,4778.36,7,118,33,381,9079.04,156.701,156.701,165.758,0.552632,20.1667,0.282609,0.713232,0.180021,0.662977,1.84219,1.91204
308351,502581,399098,2326.81,13156.2,3.61062,110.664,4071.5,1,113,30,374,8901.64,155.575,155.575,166,0.637681,30.1667,0.284091,0.772618,0.176859,0.67661,1.49207,0.276961
226037,472383,322074,2142.66,9164.43,3.3,105.473,10935.9,8,80,27,312,7382.32,152.702,152.702,165,0.311475,23,0.19403,0.701816,0.233801,0.805541,3.87048,2.42424
357479,749824,580836,2793,15765.4,3.44737,107.621,3019.07,4,152,31,525,12698,154.244,154.244,163.677,0.475728,22.8636,0.321739,0.615457,0.17716,0.805436,1.28371,1.16031
402676,640900,503524,2616.28,17638,3.45455,106.516,1809.56,3,165,28,391,12107.1,154.65,154.65,162.179,0.447368,22,0.269231,0.799715,0.148332,0.686423,0.741482,0.868421
305543,629067,504906,2595.17,12978.7,3.25,108.68,1520.53,3,136,39,537,12538.6,153.196,153.196,168.41,0.387755,18.8889,0.320388,0.60515,0.199956,0.96609,0.676801,0.923077
413171,751705,593510,2873.32,17600.4,3.26708,107.21,2463.01,3,161,28,541,12862.4,153.693,153.693,161.893,0.277778,15.3939,0.201493,0.696149,0.163253,0.730804,0.959758,0.918251
508267,791637,623259,2922.66,22007.2,3.71605,109.687,23235.2,8,162,30,458,11519.3,156.734,156.734,165.8,0.384615,18.913,0.218045,0.815499,0.132804,0.523433,7.40576,2.15282
496617,712480,589381,2860,20694.9,3.43478,109.703,39408.1,13,184,41,456,13061.1,164.3,164.3,169.951,0.415385,40.4545,0.277778,0.842608,0.138198,0.631123,14.601,3.78481
427898,653719,539636,2783.15,19526.3,3.65854,110.305,9503.32,8,164,27,486,11340.7,153.095,153.095,164,0.438596,26,0.261538,0.792937,0.142533,0.580791,3.64233,2.18667
424461,699360,539331,2709.3,17629.5,3.16062,106.699,1520.53,2,193,39,619,14324.6,154.426,154.426,168.41,0.388489,18.3438,0.368794,0.787013,0.15368,0.812536,0.691377,0.632787
440441,743512,603210,2856.77,18669.9,3.28497,111.849,6647.61,4,193,34,639,14892.7,150.659,150.659,167.059,0.462121,13.8605,0.340278,0.730162,0.153015,0.797686,2.91297,1.21767
340121,670458,522782,2660.79,14156,3.46565,103.519,8824.73,6,131,25,470,10944.8,150.96,150.96,164.88,0.488636,14.6667,0.271845,0.650598,0.187962,0.773153,3.39891,1.73128
301773,678676,542010,2802.09,11950.6,3.31429,105.385,4300.84,6,105,23,456,10735.8,151.432,151.432,162.217,0.381579,15.2857,0.296296,0.556766,0.234473,0.898345,1.49645,1.81034
388301,829532,642410,3039.84,16697,3.56667,110.529,380.133,3,120,25,416,9795.67,156.175,156.175,164.52,0.395349,19.8,0.176471,0.604444,0.182059,0.586672,0.117476,0.841121
315767,719925,512714,2724.57,13861,3.42857,106.776,1809.56,3,112,26,399,9446.96,154.328,154.328,164.962,0.287356,18.95,0.166667,0.615873,0.196564,0.68155,0.641835,0.875
315767,719925,512714,2724.57,13861,3.42857,106.776,1809.56,3,112,26,399,9446.96,154.328,154.328,164.962,0.287356,18.95,0.166667,0.615873,0.196564,0.68155,0.641835,0.875
365678,698676,567238,2815.4,14188.7,3.33333,105.547,1661.9,3,132,27,522,12196.1,153.134,153.134,165.407,0.5,26.4737,0.233645,0.644663,0.198425,0.859561,0.599903,0.9
295093,585452,417452,2392.3,12659.9,3.45,105.211,5281.02,5,120,29,400,9383.38,151.312,151.312,164.172,0.538462,20.0526,0.318681,0.70689,0.188967,0.741189,2.14754,1.44928
292106,533686,440078,2460.76,12173.2,3.45098,105.223,4071.5,3,102,22,383,8835.07,152.026,152.026,156.273,0.416667,17.2381,0.243902,0.663761,0.202145,0.725778,1.42172,0.869318
303398,569126,429026,2466.36,13294,3.50442,107.989,4536.46,2,113,29,397,9105.3,152.738,152.738,165,0.4125,17.9048,0.329412,0.707178,0.185524,0.684917,1.68959,0.570707
306126,506823,400155,2329.55,11976.2,3.33333,104.841,4071.5,2,108,28,388,8888.77,151.544,151.544,161.571,0.421053,24.8667,0.285714,0.765019,0.194516,0.742206,1.43641,0.6
233179,477840,324890,2151.04,10379.2,3.30435,104.596,10935.9,7,92,27,314,7426.07,152.36,152.36,165.444,0.277778,17.4706,0.210526,0.717718,0.207246,0.715478,4.31471,2.11842
407181,748896,580264,2789.55,18036.6,3.40571,107.409,2123.72,1,175,33,574,12889,148.549,148.549,164.515,0.446281,16.9375,0.315789,0.701716,0.15466,0.714602,0.912741,0.293624
401367,641784,504200,2620.12,17709.9,3.44048,108.539,1963.5,2,168,27,408,12094.5,156.11,156.11,165.556,0.423729,21.6667,0.292308,0.796048,0.147947,0.682924,0.82186,0.581315
300952,624237,502826,2587.01,13056.9,3.38346,105.893,1385.44,2,133,34,539,12547.6,150.8,150.8,167.559,0.60241,18.25,0.303922,0.598521,0.198134,0.960991,0.612269,0.591111
415597,753940,594028,2873.7,18065.6,3.45455,108.086,2642.08,4,165,27,538,12830.2,154.775,154.775,165.889,0.410256,20.52,0.299213,0.699625,0.15907,0.710201,1.04896,1.15789
497860,789264,619464,2915.28,20378.2,3.57143,107.333,22698,10,154,31,459,11478.8,156.523,156.523,164.129,0.387387,18.125,0.241935,0.803694,0.143059,0.56329,7.02103,2.8
493437,715896,591502,2862.32,18944.5,3.39181,111.242,39408.1,11,171,40,434,13043.4,168.118,168.118,168.025,0.413223,143.667,0.23913,0.83421,0.15109,0.688505,13.6568,3.2431
420186,655040,539758,2781.19,16359,3.31884,113.013,9852.03,7,138,26,487,11364.2,153.947,153.947,165.231,0.408163,26.0556,0.28972,0.77847,0.170009,0.694677,3.23567,2.10917
423949,703836,541640,2714.35,17940.6,3.19149,108.535,1520.53,3,188,38,620,14348.3,155.835,155.835,166.395,0.323944,20.3793,0.333333,0.782713,0.151297,0.799768,0.674278,0.94
325987,744464,601432,2852.01,12327.4,3.12308,108.032,6939.78,6,130,27,476,14469.6,162.842,162.842,166,0.413043,24.0526,0.368421,0.542017,0.231356,1.17377,2.76751,1.92118
340454,667828,521710,2659.82,14193.8,3.26562,104.683,8171.28,5,128,26,467,10963.1,150.612,150.612,165.5,0.376344,13.1515,0.254902,0.652572,0.187393,0.77239,3.07215,1.5311
297940,673084,538332,2792.83,12223.7,3.44144,105.48,17203.4,11,111,21,393,10754.1,153.573,153.573,154.857,0.423077,20.8333,0.275862,0.553451,0.228477,0.87977,6.40924,3.19634
392922,833637,646692,3048.32,17229.7,3.68421,109.696,706.858,2,114,24,415,9866.62,155.467,155.467,163.583,0.425,23.4118,0.1875,0.607588,0.176922,0.572652,0.205083,0.542857
311216,716946,511036,2720.17,11830.8,3.4375,111.111,1963.5,2,96,24,401,9426.64,152.663,152.663,162.042,0.391304,19.05,0.263158,0.608991,0.229923,0.796788,0.605675,0.581818
312683,792825,510308,2719.38,13761.6,3.54783,105.908,1385.44,3,115,26,402,9430.96,152.898,152.898,165.846,0.337209,24.125,0.25,0.612735,0.197606,0.685308,0.509544,0.845588
367845,881505,568216,2821.05,15932.7,3.42105,103.938,3421.19,5,152,22,528,12228.7,151.066,151.066,157.455,0.490196,16.0323,0.235772,0.647367,0.177061,0.767524,1.4137,1.46154
294041,636801,454430,2513.45,12763.2,3.40984,107.361,5541.77,6,122,25,411,9642.83,151.91,151.91,165.08,0.418605,17.6818,0.311828,0.647055,0.196929,0.755517,2.29932,1.75962
289874,666913,438444,2456.26,13128.7,3.56757,106.151,10935.9,8,111,23,382,8830.47,150.492,150.492,161.391,0.48,14.9167,0.275862,0.661143,0.18709,0.672606,4.18762,2.24242
305313,629579,428429,2466.42,14908.4,3.57252,106.359,5281.02,7,131,26,388,9225.06,152.827,152.827,165.038,0.378947,19.4211,0.235849,0.712634,0.165438,0.618784,2.26591,1.9594
308211,565360,398438,2325.28,13279.2,3.48214,109.881,4071.5,1,112,29,361,8850.79,154.737,154.737,166.655,0.493333,23.0667,0.244444,0.773548,0.175107,0.666513,1.47953,0.287179
234083,458919,325061,2151.32,9847.05,3.35556,106.023,10207,8,90,29,306,7388.22,152.627,152.627,165.069,0.47541,20.8571,0.25,0.72012,0.218473,0.750298,3.92439,2.38411
401431,759050,505656,2621.11,16303.2,3.3012,111.887,1963.5,4,166,30,623,12669.7,138.682,138.682,165.733,0.443478,11.9792,0.307087,0.793881,0.160772,0.77713,0.811946,1.21168
369496,753423,505306,2595.33,14560.6,3.21622,105.447,1385.44,3,148,37,484,12410.2,155.112,155.112,166.757,0.37037,16.9259,0.275862,0.731232,0.178244,0.852314,0.554933,0.932773
416595,859160,590808,2868.64,18468.6,3.38824,109.467,2463.01,3,170,26,539,12806.6,153.909,153.909,165.115,0.452991,21.4583,0.268657,0.705128,0.155326,0.693425,1.00508,0.885417
498511,879970,618491,2912.37,21009.1,3.6962,109.366,35968.1,12,158,31,466,11454.8,160.517,160.517,163.065,0.462963,30.0667,0.234375,0.806012,0.138624,0.545234,11.3999,3.24658
495806,942848,590552,2864.36,20312.4,3.39037,110.922,20106.2,10,187,31,555,13202.3,159.027,159.027,163.452,0.406015,33.6875,0.255034,0.839563,0.141015,0.649964,7.58333,2.94953
422589,861900,535950,2775.54,17991.2,3.44828,113.713,8824.73,6,145,30,518,11289,151.014,151.014,165.167,0.394231,21.5217,0.239316,0.788486,0.154272,0.627476,3.02797,1.74
422863,793480,544100,2721.68,19209.2,3.28079,107.837,1520.53,3,203,35,622,14415.4,150.323,150.323,165.914,0.353333,15.8108,0.344371,0.777179,0.141686,0.750443,0.729947,0.914414
433328,1.06E+006,638653,3019.07,17621.3,3.25,108.017,6647.61,6,184,28,632,15099.8,151.638,151.638,164.357,0.393939,15.2051,0.343066,0.678503,0.171331,0.856906,2.82271,1.84615
329560,753360,517194,2648.03,13792.9,3.408,106.093,8494.87,6,125,28,473,10913.8,153.171,153.171,161.5,0.315789,15.8929,0.28866,0.637209,0.191985,0.791259,3.22204,1.76056
295555,843885,540146,2800.46,12371.5,3.39823,102.593,31415.9,14,113,21,443,10829.5,153.95,153.95,159.381,0.361446,17.4583,0.255556,0.547176,0.226364,0.875363,12.0113,4.11979
388369,1.00E+006,643949,3042.33,16096.5,3.48148,107.572,20612,12,108,24,420,9895.87,154.586,154.586,160.75,0.367089,21.1053,0.16129,0.603105,0.189006,0.614783,5.73191,3.44681
319002,795984,510313,2720.36,14340.5,3.50877,105.93,1385.44,2,114,28,398,9406.29,154.508,154.508,163.179,0.357143,29.6154,0.2,0.625111,0.189698,0.655925,0.495107,0.57
319002,795984,510313,2720.36,14340.5,3.50877,105.93,1385.44,2,114,28,398,9406.29,154.508,154.508,163.179,0.357143,29.6154,0.2,0.625111,0.189698,0.655925,0.495107,0.57
362589,876876,566352,2812.37,13732.6,3.22835,106.141,3848.45,4,127,28,529,12258,152.735,152.735,161.071,0.351064,23.0455,0.27,0.640218,0.204795,0.892621,1.34795,1.23902
294102,635204,454448,2515.92,12081.5,3.50459,103.952,5541.77,4,109,22,412,9707.32,148.983,148.983,157.955,0.535211,16.1667,0.282353,0.647162,0.208246,0.803488,2.05389,1.14136
291382,662810,437970,2455.06,13234,3.54386,102.069,3421.19,4,114,21,385,8826.68,149.506,149.506,156.143,0.480519,15.7391,0.280899,0.665302,0.185511,0.666971,1.33851,1.12871
302259,626047,428445,2466.26,14171.9,3.61017,104.114,5281.02,6,118,24,401,9260.97,151.07,151.07,162.917,0.439024,14.4231,0.242105,0.70548,0.174025,0.653476,2.06167,1.66197
308020,569944,401122,2331.83,12452.1,3.41509,110.355,4071.5,1,106,29,365,8886.11,153.896,153.896,164.828,0.308642,19.2778,0.247059,0.767897,0.187264,0.713622,1.40114,0.292818
226637,458679,323028,2145.91,8913.34,3.21951,105.676,11309.7,9,82,29,302,7369.35,155.444,155.444,166.552,0.344262,20.5714,0.223881,0.701601,0.240753,0.826777,4.092,2.79545
407743,785600,581138,2793.31,17091.9,3.45912,107.164,4071.5,5,159,31,433,12421.7,162.383,162.383,163.161,0.458716,35.0833,0.382609,0.701629,0.163429,0.726758,1.58769,1.44545
401941,758200,504000,2618.22,16405,3.26061,112.525,1963.5,3,165,34,624,12554.1,140.091,140.091,167.941,0.363636,9.57627,0.32,0.797504,0.159599,0.765259,0.80603,0.920074
369705,747358,503400,2590.28,16320.2,3.21739,106.241,1256.64,4,161,33,549,12479,150.559,150.559,165.121,0.352941,15.1471,0.267717,0.734415,0.158717,0.764638,0.547244,1.24324
413990,860074,591071,2865.86,18091.9,3.43902,106.406,2642.08,5,164,28,552,12827.1,153.014,153.014,161.429,0.477477,19.4444,0.28125,0.700407,0.158405,0.708994,1.04665,1.4539
502497,881904,619422,2914.68,22098.1,3.68421,111.876,22698,9,171,30,468,11480,158.741,158.741,165.833,0.436975,28.25,0.212766,0.811236,0.131897,0.519503,7.72414,2.44286
494252,939800,589265,2861.16,19117.3,3.41899,111.995,40115,8,179,35,548,13201.9,157.334,157.334,166.2,0.479339,20.0769,0.278571,0.83876,0.149663,0.690571,14.5282,2.33987
427815,857904,536798,2773.72,19044.9,3.46012,111.97,9852.03,8,163,27,377,11096.2,160.796,160.796,165.444,0.347107,33.2727,0.263566,0.796977,0.145641,0.582634,3.75368,2.31206
420316,791568,543214,2720.25,16513.2,3.14773,112.137,1385.44,2,176,39,622,14330.4,153.616,153.616,168.821,0.375,16.7714,0.353846,0.773756,0.164732,0.867816,0.58013,0.635379
431173,1.05E+006,638830,3017.79,16765.6,3.17241,109.303,6939.78,5,174,24,628,15095.6,151.256,151.256,163.583,0.392,15.973,0.359375,0.674942,0.179999,0.90039,2.80055,1.57609
317939,755112,519001,2652.4,12288.1,3.3271,106.948,7542.96,5,107,27,480,10929.7,151.738,151.738,166.185,0.320988,15,0.27381,0.612598,0.215851,0.889457,2.53853,1.50281
296961,847346,537807,2795.85,12415.9,3.4359,109.642,4536.46,5,117,24,444,10793.5,154.014,154.014,163.208,0.444444,20.1429,0.3,0.552169,0.225183,0.869327,1.78733,1.45522
403907,1.01E+006,643856,3043.72,15796.6,3.50442,106.004,18626.5,10,113,24,438,9983.72,152.37,152.37,163.208,0.378049,19.8571,0.177083,0.627326,0.192682,0.632017,5.21108,2.85354
